date,reward,log_return,portfolio_value,market_return,rate_of_return,weights_mean,weights_std,cost,weight_CASH,price_CASH,weight_CN000338.SZ,price_CN000338.SZ,weight_CN002027.SZ,price_CN002027.SZ,weight_CN002371.SZ,price_CN002371.SZ,weight_CN600009.SH,price_CN600009.SH,weight_CN600029.SH,price_CN600029.SH,weight_CN600183.SH,price_CN600183.SH,weight_CN600406.SH,price_CN600406.SH,weight_CN600900.SH,price_CN600900.SH,weight_CN601989.SH,price_CN601989.SH,weight_CN601998.SH,price_CN601998.SH,market_value,date,steps
2023-08-07,0.0,0.0,1.0,0.9908353198658336,0.0,0.09090909090909091,0.2874797872880344,0.0,1.0,1.0,0.0,0.9931716918945312,0.0,0.9825055599212646,0.0,0.9860565662384033,0.0,0.9931752681732178,0.0,1.0017635822296143,0.0,0.9840958118438721,0.0,0.9852838516235352,0.0,0.9911295175552368,0.0,0.992467999458313,0.0,0.9895386695861816,0.9908353198658336,1691366400.0,1
2023-08-08,-0.12400842657307483,-0.0022211525817996537,0.9977813121303916,0.9918882792646234,-0.0022186878696084378,0.09090907871723175,0.031090928241610527,0.0022186878696084022,0.11252476274967194,1.0,0.08813993632793427,0.9931248426437378,0.11252476274967194,1.0059353113174438,0.11252476274967194,0.9785602688789368,0.11252476274967194,0.9902632236480713,0.04139554500579834,0.9823943972587585,0.04139554500579834,1.0068382024765015,0.11252476274967194,0.9800931215286255,0.11252476274967194,0.997316837310791,0.11252476274967194,0.9797874689102173,0.04139554500579834,0.9964573979377747,0.9827979404563344,1691452800.0,2
2023-08-09,0.06382299812324871,0.011518633897604803,1.0093408380918374,1.010724046013572,0.011585229970648259,0.09090909361839294,0.03322792798280716,0.00012557561357964069,0.11572673171758652,1.0,0.06219242140650749,0.9992361068725586,0.11572673171758652,0.9985288381576538,0.11572673171758652,1.0635123252868652,0.11572673171758652,1.019373893737793,0.042573481798172,1.0161290168762207,0.042573481798172,1.019137978553772,0.11572673171758652,0.9963070154190063,0.11572673171758652,1.0139079093933105,0.11572673171758652,1.0077457427978516,0.042573481798172,0.9840856790542603,0.993337510791832,1691539200.0,3
2023-08-10,0.08261211649154096,0.004724947834705383,1.0141212059726623,1.0091191313483499,0.004736128471589662,0.09090909361839294,0.0316956453025341,6.017985493908314e-05,0.11378829181194305,1.0,0.07790077477693558,1.088528037071228,0.11378829181194305,0.9940910339355469,0.11378829181194305,0.9940279126167297,0.11378829181194305,1.0121984481811523,0.041860371828079224,1.0229277610778809,0.041860371828079224,0.9993930459022522,0.11378829181194305,1.0050954818725586,0.11378829181194305,0.9694671630859375,0.11378829181194305,1.012784719467163,0.041860371828079224,1.001796841621399,1.0023958860259856,1691625600.0,4
2023-08-11,0.10644910778068145,0.007100269523144837,1.0213473640510535,1.005775050683455,0.0071255369041025585,0.09090908616781235,0.03107377700507641,5.811597025453863e-05,0.11247476935386658,1.0,0.08854507654905319,0.9964592456817627,0.11247476935386658,1.005944013595581,0.11247476935386658,1.0053224563598633,0.11247476935386658,1.0061668157577515,0.04137715324759483,1.0068964958190918,0.04137715324759483,0.9860624074935913,0.11247476935386658,1.0184439420700073,0.11247476935386658,1.019168496131897,0.11247476935386658,1.0100935697555542,0.04137715324759483,1.0089681148529053,1.0081847730726725,1691712000.0,5
2023-08-14,0.12562437127944878,0.01392208553473162,1.0356660928136288,1.0165785388513044,0.014019450450022841,0.09090909361839294,0.03134847432374954,3.3295389454029903e-05,0.11314814537763596,1.0,0.08308830112218857,1.0021657943725586,0.11314814537763596,1.0295450687408447,0.11314814537763596,1.00986647605896,0.11314814537763596,1.020890474319458,0.041624873876571655,1.042808175086975,0.041624873876571655,1.0528556108474731,0.11314814537763596,1.0203696489334106,0.11314814537763596,0.9959717392921448,0.11314814537763596,1.015001654624939,0.041624873876571655,0.9928892850875854,1.0248990035023513,1691971200.0,6
2023-08-15,0.1322594795755178,0.004885317297760773,1.0407380297032267,1.004086283120242,0.004897270389357722,0.09090907871723175,0.03107263147830963,4.291528946710574e-05,0.11247137188911438,1.0,0.08857265114784241,0.992806077003479,0.11247137188911438,0.9985690116882324,0.11247137188911438,1.0238689184188843,0.11247137188911438,1.0212843418121338,0.04137590155005455,1.006568193435669,0.04137590155005455,1.0414509773254395,0.11247137188911438,0.9982255697250366,0.11247137188911438,1.0094419717788696,0.11247137188911438,0.9975324869155884,0.04137590155005455,0.9552015662193298,1.0290870310003157,1692057600.0,7
2023-08-16,0.10922328405050209,-0.0011900875339356867,1.039500196939742,0.9993953759020026,-0.0011893797748869783,0.09090907871723175,0.03140949830412865,3.501122683635887e-05,0.11327262967824936,1.0,0.08207954466342926,1.0057997703552246,0.11327262967824936,0.9942523241043091,0.11327262967824936,0.9930179119110107,0.11327262967824936,0.9941215515136719,0.04167066887021065,1.0081565380096436,0.04167066887021065,0.9859859347343445,0.11327262967824936,1.0022231340408325,0.11327262967824936,1.0053422451019287,0.11327262967824936,0.9950777292251587,0.04167066887021065,1.0093719959259033,1.0284648201824362,1692144000.0,8
2023-08-17,0.10210244557108146,0.000805013061636559,1.0403373451687736,1.000429386442358,0.0008053372490897104,0.09090907871723175,0.03190116584300995,3.656176913858944e-05,0.11411036550998688,1.0,0.07529080659151077,1.0129632949829102,0.11411036550998688,1.002882719039917,0.11411036550998688,0.9861329793930054,0.11411036550998688,0.9967755675315857,0.041978854686021805,0.9919094443321228,0.041978854686021805,0.9903326630592346,0.11411036550998688,1.0048761367797852,0.11411036550998688,1.0039900541305542,0.11411036550998688,1.007432460784912,0.041978854686021805,1.0074279308319092,1.0289064290326646,1692230400.0,9
2023-08-18,0.08102065430414696,-0.0032407309222566177,1.0369713485312295,0.9975592494010925,-0.0032354857327533404,0.09090907871723175,0.03141508623957634,2.9853974164842872e-05,0.11328371614217758,1.0,0.08198969811201096,1.0071120262145996,0.11328371614217758,0.9971255660057068,0.11328371614217758,0.9910873174667358,0.11328371614217758,0.990024209022522,0.04167474806308746,0.9967373609542847,0.04167474806308746,0.9862232804298401,0.11328371614217758,1.0004425048828125,0.11328371614217758,1.0044137239456177,0.11328371614217758,0.9852200150489807,0.04167474806308746,1.014765739440918,1.0263951250497834,1692316800.0,10
2023-08-21,0.08465626862325133,0.0034818823352664417,1.0405882542660088,1.002647042274475,0.0034879514654886368,0.09090909361839294,0.031348299235105515,2.503750491846559e-05,0.11314777284860611,1.0,0.0830913558602333,0.9957643151283264,0.11314777284860611,0.9942191243171692,0.11314777284860611,1.0273381471633911,0.11314777284860611,1.0149774551391602,0.04162473604083061,0.9901800155639648,0.04162473604083061,1.016879677772522,0.11314777284860611,0.9960293173789978,0.11314777284860611,0.9978027939796448,0.11314777284860611,1.0050089359283447,0.04162473604083061,0.9909176826477051,1.0291120363361053,1692576000.0,11
2023-08-22,0.086429745246649,0.0026933827474493904,1.043394734753058,1.002883878621188,0.0026970134205761553,0.09090908616781235,0.032383646816015244,6.026756270906805e-05,0.11476892232894897,1.0,0.06995406746864319,1.0014227628707886,0.11476892232894897,1.014528512954712,0.11476892232894897,1.0066136121749878,0.11476892232894897,1.0109997987747192,0.04222112521529198,1.0016528367996216,0.04222112521529198,1.0160259008407593,0.11476892232894897,1.003542423248291,0.11476892232894897,0.9793047904968262,0.11476892232894897,1.004983901977539,0.04222112521529198,0.9926481246948242,1.0320798705365022,1692662400.0,12
2023-08-23,0.072695326844636,-0.0029949394210853917,1.04027450521221,0.9973693219098178,-0.002990459350541541,0.09090909361839294,0.03182194381952286,2.5989874097661417e-05,0.1139899417757988,1.0,0.07626670598983765,1.0049543380737305,0.1139899417757988,0.9957130551338196,0.1139899417757988,0.9907631874084473,0.1139899417757988,0.9931000471115112,0.041934553533792496,0.9917492270469666,0.041934553533792496,0.9983120560646057,0.1139899417757988,0.9982350468635559,0.1139899417757988,1.0013481378555298,0.1139899417757988,0.995040774345398,0.041934553533792496,1.0018466711044312,1.0293648006337637,1692748800.0,13
2023-08-24,0.06699631398471995,-0.0009366447630262632,1.039300593626923,0.9984244324944236,-0.0009362063382378771,0.09090909361839294,0.031402576714754105,3.177830586447e-05,0.11325882375240326,1.0,0.08219140768051147,0.9957733154296875,0.11325882375240326,1.0028702020645142,0.11325882375240326,1.0141210556030273,0.11325882375240326,0.9957259297370911,0.041665591299533844,1.0,0.041665591299533844,0.9943563938140869,0.11325882375240326,0.9951388239860535,0.11325882375240326,1.0044910907745361,0.11325882375240326,0.9875651597976685,0.041665591299533844,0.9926267862319946,1.0277429669025009,1692835200.0,14
2023-08-25,0.06381728653585853,-0.0001354853123880278,1.0391597931861931,1.0006247271190991,-0.0001354761477029287,0.09090909361839294,0.03185116872191429,3.217658662962889e-05,0.11403487622737885,1.0,0.07590257376432419,1.0007061958312988,0.11403487622737885,0.988521158695221,0.11403487622737885,0.9887682795524597,0.11403487622737885,0.9986573457717896,0.04195108637213707,1.00332772731781,0.04195108637213707,0.9971621632575989,0.11403487622737885,1.0071070194244385,0.11403487622737885,1.0089372396469116,0.11403487622737885,1.0025233030319214,0.04195108637213707,1.0111615657806396,1.0283850258053882,1692921600.0,15
2023-08-28,0.054863358673038605,-0.003000470555408225,1.036046497535995,0.9968912222168662,-0.002995973930681295,0.09090909361839294,0.03140532225370407,2.6455487412366842e-05,0.11326431483030319,1.0,0.08214689046144485,1.002830147743225,0.11326431483030319,1.0014475584030151,0.11326431483030319,0.9959539175033569,0.11326431483030319,0.9967755675315857,0.04166761040687561,0.9917080998420715,0.04166761040687561,1.0011407136917114,0.11326431483030319,0.9933807253837585,0.11326431483030319,1.0,0.11326431483030319,0.9899320602416992,0.04166761040687561,0.992634654045105,1.025188005284657,1693180800.0,16
2023-08-29,0.04672604268423171,-0.0032516223181422925,1.0326831364502111,0.9964178908954967,-0.003246341832903177,0.09090908616781235,0.03181542828679085,2.7763952753726734e-05,0.11397984623908997,1.0,0.07634849101305008,0.9880075454711914,0.11397984623908997,0.9811614155769348,0.11397984623908997,1.0043749809265137,0.11397984623908997,1.0026947259902954,0.04193083941936493,0.9983277320861816,0.04193083941936493,0.990902304649353,0.11397984623908997,0.9911202192306519,0.11397984623908997,0.9982302784919739,0.11397984623908997,1.0076277256011963,0.04193083941936493,0.9981498718261719,1.021515669997099,1693267200.0,17
2023-08-30,0.043700715300778695,-0.0009383003739906738,1.031714623832169,1.0002046823501587,-0.0009378603986613943,0.09090909361839294,0.03268183395266533,4.873139294753217e-05,0.11512912064790726,1.0,0.0670352578163147,1.000712275505066,0.11512912064790726,0.9911444187164307,0.11512912064790726,0.9996108412742615,0.11512912064790726,1.0016131401062012,0.04235363379120827,1.0,0.04235363379120827,1.0131938457489014,0.11512912064790726,0.9861094951629639,0.11512912064790726,0.9928991198539734,0.11512912064790726,1.0151147842407227,0.04235363379120827,1.001853585243225,1.0217247562251581,1693353600.0,18
2023-08-31,0.0488865924028049,0.005101195659943056,1.0369910491005105,1.0064639340747485,0.005114229406522286,0.09090909361839294,0.03192026540637016,3.635159269896649e-05,0.11413877457380295,1.0,0.07506066560745239,1.029248595237732,0.11413877457380295,1.002972960472107,0.11413877457380295,0.9874334335327148,0.11413877457380295,1.0029534101486206,0.04198930412530899,1.0083752870559692,0.04198930412530899,1.0039663314819336,0.11413877457380295,1.0190868377685547,0.11413877457380295,1.0102821588516235,0.11413877457380295,0.9975141882896423,0.04198930412530899,1.0092700719833374,1.028329117691936,1693440000.0,19
2023-09-01,0.03717483654876029,-0.006108808044243019,1.03067557886457,0.9946301796219565,-0.006090187799999369,0.09090909361839294,0.03155314549803734,2.7126323096040693e-05,0.11354349553585052,1.0,0.0798845887184143,0.9958435893058777,0.11354349553585052,0.997035801410675,0.11354349553585052,0.9771475195884705,0.11354349553585052,0.9908991456031799,0.04177031293511391,1.0066444873809814,0.04177031293511391,0.9875887036323547,0.11354349553585052,0.9901906847953796,0.11354349553585052,1.004866123199463,0.11354349553585052,0.9925490617752075,0.04177031293511391,0.9981668591499329,1.0228071750404184,1693526400.0,20
2023-09-04,0.03473202665977991,-0.0011035783814131548,1.029538774858664,1.0000016472556374,-0.001102969769748885,0.09090907871723175,0.03222900629043579,4.630909608468821e-05,0.11456967890262604,1.0,0.07156868278980255,1.0146116018295288,0.11456967890262604,0.9895628690719604,0.11456967890262604,0.9959675669670105,0.11456967890262604,0.9991897344589233,0.04214782640337944,1.0115511417388916,0.04214782640337944,1.0034279823303223,0.11456967890262604,0.9995486736297607,0.11456967890262604,0.996034562587738,0.11456967890262604,0.997489333152771,0.04214782640337944,0.992634654045105,1.0228088598653036,1693785600.0,21
2023-09-05,0.038961200284598034,0.004639810921465336,1.0343267396103355,1.0041446469046853,0.0046505919627251036,0.09090908616781235,0.03268314152956009,3.276822796381732e-05,0.11513063311576843,1.0,0.06702294200658798,1.0137168169021606,0.11513063311576843,1.009045124053955,0.11513063311576843,0.9810123443603516,0.11513063311576843,1.0129770040512085,0.042354192584753036,1.019575834274292,0.042354192584753036,0.9749572277069092,0.11513063311576843,1.0117124319076538,0.11513063311576843,1.0013254880905151,0.11513063311576843,1.017568588256836,0.042354192584753036,1.0037002563476562,1.027048041440429,1693872000.0,22
2023-09-06,0.034666815443250364,-0.0025758751877847964,1.0316658712717568,0.9980552467432889,-0.0025725607167239595,0.09090909361839294,0.03194628655910492,3.39936830108328e-05,0.11417710781097412,1.0,0.07474999874830246,1.0020323991775513,0.11417710781097412,0.99849534034729,0.11417710781097412,0.9926952123641968,0.11417710781097412,1.004271149635315,0.04200340807437897,0.9983999729156494,0.04200340807437897,0.9918279647827148,0.11417710781097412,0.9893112778663635,0.11417710781097412,1.00220787525177,0.11417710781097412,0.9901306629180908,0.04200340807437897,1.0092358589172363,1.025050686417039,1693958400.0,23
2023-09-07,0.024375951407535797,-0.007332280197052504,1.0241290720288425,0.9928318478844382,-0.007305465318556581,0.09090907871723175,0.03236763924360275,2.7442085170083404e-05,0.11474873125553131,1.0,0.07011774182319641,0.9817658066749573,0.11474873125553131,1.0089775323867798,0.11474873125553131,0.9794629812240601,0.11474873125553131,0.9851172566413879,0.042213696986436844,0.9967948794364929,0.042213696986436844,0.9923504590988159,0.11474873125553131,0.9928001761436462,0.11474873125553131,1.0,0.11474873125553131,0.9875340461730957,0.042213696986436844,0.996347188949585,1.0177029671706406,1694044800.0,24
2023-09-08,0.02895486744547301,0.005523446124659181,1.0298014454384263,1.0069437460465864,0.005538729018156552,0.09090909361839294,0.03249029815196991,1.90947177307646e-05,0.11508771032094955,1.0,0.06857270002365112,1.0261363983154297,0.11508771032094955,0.998506486415863,0.11508771032094955,1.0127331018447876,0.11388586461544037,1.0016182661056519,0.042338401079177856,1.0128618478775024,0.042338401079177856,1.0148286819458008,0.11508771032094955,1.0081608295440674,0.11508771032094955,0.9964761137962341,0.11508771032094955,1.0050594806671143,0.042338401079177856,1.0,1.024769638125531,1694131200.0,25
2023-09-11,0.02155234388317888,-0.006177409688826637,1.0234595478114177,0.9939705837856639,-0.0061583693197367895,0.09090908616781235,0.03199180215597153,2.8413304721549033e-05,0.11424317210912704,1.0,0.0742146223783493,0.9973177909851074,0.11424317210912704,0.9940806031227112,0.11424317210912704,0.9880554676055908,0.11424317210912704,0.9886875748634338,0.04202771186828613,0.9968253970146179,0.04202771186828613,0.9842166900634766,0.11424317210912704,0.9919052124023438,0.11424317210912704,1.0026556253433228,0.11424317210912704,0.9899320602416992,0.04202771186828613,1.0,1.0185908754534576,1694390400.0,26
2023-09-12,0.02249645948510608,0.0014829376158584156,1.0249784005250384,1.0022221261804753,0.0014840378565705858,0.09090909361839294,0.03175482898950577,2.009682550194318e-05,0.11388438194990158,1.0,0.07712212949991226,1.0073908567428589,0.11388438194990158,0.9925246238708496,0.11388438194990158,1.0199787616729736,0.11388438194990158,0.9950975775718689,0.04189572110772133,1.0111464262008667,0.04189572110772133,1.011281967163086,0.11388438194990158,1.0018130540847778,0.11388438194990158,0.9969122409820557,0.11388438194990158,0.9974828362464905,0.04189572110772133,0.9908150434494019,1.020854312904996,1694476800.0,27
2023-09-13,0.022882596030463238,0.0008839927973973367,1.0258848747362967,1.0002104423262856,0.0008843837204706162,0.09090907871723175,0.03130218759179115,2.9458449925701386e-05,0.11304910480976105,1.0,0.08389084041118622,1.0186810493469238,0.11304910480976105,1.0045157670974731,0.11304910480976105,0.9992929697036743,0.11304910480976105,1.0027388334274292,0.0415884405374527,0.9732283353805542,0.0415884405374527,1.005872368812561,0.11304910480976105,0.9959269165992737,0.11304910480976105,0.9951359033584595,0.11304910480976105,1.0050725936889648,0.0415884405374527,1.0018501281738281,1.0210691438614026,1694563200.0,28
2023-09-14,0.014910644922888105,-0.007737306065240145,1.0179779174198225,0.9924224398352883,-0.007707450915003244,0.09090909361839294,0.030995888635516167,3.293455013271492e-05,0.11222465336322784,1.0,0.09057198464870453,0.9882100224494934,0.11222465336322784,0.9910250902175903,0.11222465336322784,0.9822297096252441,0.11222465336322784,0.984438955783844,0.041285138577222824,0.9919094443321228,0.041285138577222824,1.00291907787323,0.11222465336322784,0.9950041770935059,0.11222465336322784,0.9982201457023621,0.11222465336322784,0.9974638819694519,0.041285138577222824,0.9852263331413269,1.0133319309914621,1694649600.0,29
2023-09-15,0.014822767577927557,0.00019978102242047523,1.018181310425299,1.0006693384864114,0.00019980099960514863,0.09090909361839294,0.03129279240965843,3.203938487650949e-05,0.11302845925092697,1.0,0.08405821770429611,0.9874079823493958,0.11302845925092697,0.9879143834114075,0.11302845925092697,0.9937717318534851,0.11302845925092697,0.9950063228607178,0.041580844670534134,1.0032626390457153,0.041580844670534134,0.9970894455909729,0.11302845925092697,1.0050208568572998,0.11302845925092697,1.016472578048706,0.11302845925092697,1.010170340538025,0.041580844670534134,1.0112464427947998,1.0140101930523842,1694736000.0,30
2023-09-18,0.004911470717666164,-0.011413271469935607,1.0066265935714211,0.9894015463915738,-0.011348388283665689,0.09090909361839294,0.0319703184068203,3.013267797016734e-05,0.11421214044094086,1.0,0.07446611672639847,0.9328886866569519,0.11421214044094086,0.9632993936538696,0.11421214044094086,0.9927095770835876,0.11421214044094086,1.002230167388916,0.042016297578811646,0.982113778591156,0.042016297578811646,1.00291907787323,0.11421214044094086,0.998638391494751,0.11421214044094086,0.9956236481666565,0.11421214044094086,1.0,0.042016297578811646,1.0129942893981934,1.0032632530628471,1694995200.0,31
2023-09-19,0.0031452655331602212,-0.0022928927908918554,1.0043211505594876,0.9978864030404524,-0.002290266347677261,0.09090909361839294,0.032350920140743256,3.405787764031663e-05,0.11472754180431366,1.0,0.0702894777059555,1.0129519701004028,0.11472754180431366,0.9841170310974121,0.11472754180431366,0.9852689504623413,0.11472754180431366,0.9961065649986267,0.04220589995384216,1.0132449865341187,0.04220589995384216,0.9825368523597717,0.11472754180431366,1.0004560947418213,0.11472754180431366,0.9986763000488281,0.11472754180431366,1.0125597715377808,0.04220589995384216,0.9908319115638733,1.0011427589015476,1695081600.0,32
2023-09-20,-0.007260624041891775,-0.015698996799709583,0.9886774311045534,0.9846829338507219,-0.015576411435942905,0.09090908616781235,0.03192213922739029,2.2271114337280936e-05,0.114141546189785,1.0,0.07503815740346909,0.9957330226898193,0.114141546189785,0.9774256944656372,0.114141546189785,0.9761996865272522,0.114141546189785,0.9701297879219055,0.04199032485485077,0.9885621666908264,0.04199032485485077,0.9798581004142761,0.114141546189785,0.9822635650634766,0.114141546189785,0.994716465473175,0.114141546189785,0.9851102232933044,0.04199032485485077,0.9815135598182678,0.9858081890385818,1695168000.0,33
2023-09-21,-0.009090341800150593,-0.0031315154083663495,0.9855862148038707,0.9971576007929716,-0.0031266176443708327,0.09090907871723175,0.031504400074481964,2.277607467421533e-05,0.11345464736223221,1.0,0.08060448616743088,1.0057088136672974,0.11345464736223221,0.9933986663818359,0.11345464736223221,0.9957579374313354,0.11345464736223221,0.9933814406394958,0.0417376309633255,1.0016528367996216,0.0417376309633255,1.0018175840377808,0.11345464736223221,0.9912060499191284,0.11345464736223221,0.9964573979377747,0.11345464736223221,1.0025233030319214,0.0417376309633255,0.9868295788764954,0.9830061286237763,1695254400.0,34
2023-09-22,-0.01189797713806426,-0.004925166029539151,0.9807439727782754,0.9961059201847423,-0.004913057785166819,0.09090908616781235,0.030941935256123543,6.109820962217917e-05,0.11201972514390945,1.0,0.0922326147556305,0.9922003746032715,0.11201972514390945,1.0199354887008667,0.11201972514390945,0.970941960811615,0.11201972514390945,0.9846453666687012,0.04120974987745285,0.9933993220329285,0.04120974987745285,1.0012032985687256,0.11201972514390945,0.9953274726867676,0.11201972514390945,1.004445195198059,0.11201972514390945,0.9874402284622192,0.04120974987745285,1.0076264142990112,0.9791782243000279,1695340800.0,35
2023-09-25,-0.01032525024487642,0.0022741501156317216,0.982976870034232,1.003384600986134,0.0022767381884909454,0.09090907871723175,0.031271420419216156,4.462830356614893e-05,0.11298075318336487,1.0,0.08444476872682571,0.9949923157691956,0.11298075318336487,0.9885938763618469,0.11298075318336487,1.0263714790344238,0.11298075318336487,1.0150048732757568,0.04156329482793808,1.0033222436904907,0.04156329482793808,1.0174800157546997,0.11298075318336487,0.9976528882980347,0.11298075318336487,1.0008814334869385,0.11298075318336487,0.9872549772262573,0.04156329482793808,1.005676507949829,0.9824923518835947,1695600000.0,36
2023-09-26,-0.00644241206105946,0.006116229339462996,0.9890074058892263,1.0057643055915833,0.006134972285547713,0.09090908616781235,0.031662266701459885,3.4234141021985116e-05,0.11373274773359299,1.0,0.07835088670253754,1.003591775894165,0.11373274773359299,1.0131809711456299,0.11373274773359299,1.0259641408920288,0.11373274773359299,0.9970998764038086,0.04183993488550186,1.0016556978225708,0.04183993488550186,1.0177735090255737,0.11373274773359299,1.0028241872787476,0.11373274773359299,1.008843183517456,0.11373274773359299,1.0,0.04183993488550186,0.9924740195274353,0.9881557380412451,1695686400.0,37
2023-09-27,-0.00157848045257443,0.008230533322775598,0.9971810557302707,1.0087089917876504,0.00826449811434471,0.09090907871723175,0.03233307600021362,5.290098929737241e-05,0.11470481008291245,1.0,0.07047366350889206,1.0064436197280884,0.11470481008291245,1.0292799472808838,0.11470481008291245,0.9971931576728821,0.11470481008291245,0.9912806749343872,0.042197536677122116,1.0099173784255981,0.042197536677122116,1.0040769577026367,0.11470481008291245,0.9948376417160034,0.11470481008291245,1.0070106983184814,0.11470481008291245,1.0386770963668823,0.042197536677122116,1.0170817375183105,0.996761578248766,1695772800.0,38
2023-09-28,-0.004389110223230905,-0.005207560708501644,0.9920016720068535,0.9980477799068798,-0.005194025391531465,0.09090909361839294,0.03204663097858429,3.624416026182789e-05,0.11432119458913803,1.0,0.07358238846063614,0.9950244426727295,0.11432119458913803,0.9889363050460815,0.11432119458913803,0.9971411228179932,0.11432119458913803,0.9700871706008911,0.04205641523003578,0.9689034223556519,0.04205641523003578,1.0741982460021973,0.11432119458913803,0.9844421744346619,0.11432119458913803,1.00043785572052,0.11432119458913803,1.0049465894699097,0.04205641523003578,0.9944082498550415,0.9948156802676585,1695859200.0,39
2023-10-09,-0.006092241445466986,-0.003297899739788202,0.9887355382721238,0.994400289925662,-0.0032924679734885887,0.09090908616781235,0.031081924214959145,7.63450907928589e-05,0.1124987080693245,1.0,0.08835113048553467,0.9806970357894897,0.1124987080693245,0.995202898979187,0.1124987080693245,0.9966474771499634,0.1124987080693245,0.9897216558456421,0.0413859598338604,0.9915540218353271,0.0413859598338604,0.9713984131813049,0.1124987080693245,1.0105373859405518,0.1124987080693245,1.0008665323257446,0.1124987080693245,1.0074206590652466,0.0413859598338604,0.9943571090698242,0.9892450008807543,1696809600.0,40
2023-10-10,-0.009161436146949547,-0.006134006910033217,0.9826891901636385,0.9937857768752358,-0.006115232915620328,0.09090908616781235,0.03156369552016258,4.358900396030511e-05,0.11356234550476074,1.0,0.0797317698597908,0.9956284165382385,0.11356234550476074,0.9983990788459778,0.11356234550476074,0.9957954287528992,0.11356234550476074,1.004583716392517,0.04177724942564964,1.0,0.04177724942564964,0.9877805709838867,0.11356234550476074,0.9786746501922607,0.11356234550476074,0.9900036454200745,0.11356234550476074,0.9902032017707825,0.04177724942564964,0.990574836730957,0.9830976117202238,1696896000.0,41
2023-10-11,-0.0115075594834776,-0.004896077732981437,0.9778896261187093,0.9957778833129189,-0.004884111978610384,0.09090908616781235,0.03169390931725502,2.8234698158164928e-05,0.11378543078899384,1.0,0.0779239684343338,0.9919491410255432,0.11378543078899384,0.9839298725128174,0.11378543078899384,0.9824892282485962,0.11378543078899384,0.9762825965881348,0.04185931757092476,0.991482138633728,0.04185931757092476,1.0016850233078003,0.11378543078899384,1.0091984272003174,0.11378543078899384,1.012734293937683,0.11378543078899384,1.0,0.04185931757092476,1.0038059949874878,0.9789468588887503,1696982400.0,42
2023-10-12,-0.006646185657475405,0.008889037073080945,0.9866208728439494,1.0082020326094194,0.008928662797963005,0.09090907871723175,0.03187291696667671,2.4615485249915337e-05,0.1140679121017456,1.0,0.07563484460115433,1.0007364749908447,0.1140679121017456,1.0097960233688354,0.1140679121017456,1.0363699197769165,0.1140679121017456,1.0031158924102783,0.041963234543800354,0.9896907210350037,0.041963234543800354,1.0308831930160522,0.1140679121017456,1.0143959522247314,0.1140679121017456,0.9991320371627808,0.1140679121017456,1.0098936557769775,0.041963234543800354,0.9962084889411926,0.9869762129482446,1697068800.0,43
2023-10-13,-0.01013908690312067,-0.007689203883604624,0.9790636348342233,0.9913345358588479,-0.007659718355584988,0.09090908616781235,0.03215586766600609,2.819744817826847e-05,0.114471934735775,1.0,0.07236083596944809,0.9882026314735413,0.114471934735775,0.9821946024894714,0.114471934735775,1.0008728504180908,0.114471934735775,0.9847878217697144,0.042111869901418686,0.9878472089767456,0.042111869901418686,0.9727655053138733,0.114471934735775,0.9943243265151978,0.114471934735775,1.010847568511963,0.114471934735775,0.9828373789787292,0.042111869901418686,1.0,0.9784236059667715,1697155200.0,44
2023-10-16,-0.005233467290443244,0.009748680462801949,0.9886548894158818,1.008425853469155,0.00979635463968842,0.09090907871723175,0.03203669935464859,2.369467814219659e-05,0.11430718004703522,1.0,0.07369588315486908,1.0044758319854736,0.11430718004703522,1.0115376710891724,0.11430718004703522,1.0290452241897583,0.11430718004703522,1.0122929811477661,0.04205125942826271,0.9982424974441528,0.04205125942826271,1.0111987590789795,0.11430718004703522,1.0142725706100464,0.11430718004703522,0.993561327457428,0.11430718004703522,1.0199605226516724,0.04205125942826271,0.9980970025062561,0.9866676599014098,1697414400.0,45
2023-10-17,-0.006890334785366551,-0.0038368894176521433,0.9848687976019049,0.9965369863943621,-0.0038295383500441815,0.09090907871723175,0.03148416057229042,4.876753404015456e-05,0.113416887819767,1.0,0.08091047406196594,1.0007413625717163,0.113416887819767,0.9674235582351685,0.113416887819767,0.9789794683456421,0.113416887819767,1.0056047439575195,0.041723739355802536,0.9964788556098938,0.041723739355802536,0.9900349378585815,0.113416887819767,1.012661337852478,0.113416887819767,1.0012952089309692,0.113416887819767,1.0048742294311523,0.041723739355802536,1.0038131475448608,0.9832508163709283,1697500800.0,46
2023-10-18,-0.004791253520868821,0.004456999912663303,0.9892681548772861,1.0055266618728638,0.004466947563059431,0.09090908616781235,0.03117240034043789,2.7082010840532457e-05,0.11274424195289612,1.0,0.08636140823364258,1.0193073749542236,0.11274424195289612,1.0168458223342896,0.11274424195289612,0.9963633418083191,0.11274424195289612,1.0061938762664795,0.0414762869477272,1.0159010887145996,0.0414762869477272,1.0044721364974976,0.11274424195289612,0.9981474876403809,0.11274424195289612,1.009488821029663,0.11274424195289612,0.9902746081352234,0.0414762869477272,1.0037987232208252,0.9886849111692276,1697587200.0,47
2023-10-19,-0.006919359804573624,-0.005065641862347506,0.9842695474587719,0.9936727014454928,-0.005052833646640775,0.09090908616781235,0.032717593014240265,9.386463944771907e-05,0.11517048627138138,1.0,0.06670000404119492,0.9956243634223938,0.11517048627138138,1.0115771293640137,0.11517048627138138,0.9797097444534302,0.11517048627138138,0.98707515001297,0.042368851602077484,0.9930434823036194,0.042368851602077484,0.9749431014060974,0.11517048627138138,0.9953625798225403,0.11517048627138138,1.005555510520935,0.11517048627138138,0.9950773119926453,0.042368851602077484,0.9924313426017761,0.9824292065599235,1697673600.0,48
2023-10-20,-0.004932324388974192,0.00436310493932454,0.9885734014749942,1.0050786137580872,0.004372637584220795,0.09090909361839294,0.031190652400255203,9.660887975892659e-05,0.11279705911874771,1.0,0.08596992492675781,0.9992699027061462,0.11279705911874771,0.9820080995559692,0.11279705911874771,1.0581401586532593,0.11276054382324219,0.9803557395935059,0.04149571433663368,1.0052539110183716,0.04149571433663368,1.0171339511871338,0.11279705911874771,1.0093227624893188,0.11279705911874771,1.0,0.11279705911874771,1.0024735927581787,0.04149571433663368,1.0019066333770752,0.9874185850447054,1697760000.0,49
2023-10-23,0.0007772469365150916,0.013417306838673823,1.0019267783272507,1.0129993070255627,0.013507724193603465,0.09090908616781235,0.03142635524272919,3.924112165918614e-05,0.11330592632293701,1.0,0.08180972933769226,0.9897500872612,0.11330592632293701,1.0416659116744995,0.11330592632293701,1.0293378829956055,0.11330592632293701,1.0448460578918457,0.04168291762471199,1.0139373540878296,0.04168291762471199,1.01011061668396,0.11330592632293701,1.0106256008148193,0.11330592632293701,0.989378035068512,0.11330592632293701,1.0,0.04168291762471199,1.0133408308029175,1.0002543423944483,1698019200.0,50
2023-10-24,0.0032883742917283786,0.0063857237857852375,1.0083452781986184,1.0055342750115828,0.006406156627616566,0.09090909361839294,0.03138722479343414,1.8441328873849034e-05,0.11322793364524841,1.0,0.0824417769908905,1.0096179246902466,0.11322793364524841,1.0111881494522095,0.11322793364524841,1.0004481077194214,0.11322793364524841,0.9978705048561096,0.04165422543883324,0.9896907210350037,0.04165422543883324,1.0177850723266602,0.11322793364524841,1.0201069116592407,0.11322793364524841,1.0025758743286133,0.11322793364524841,1.0172473192214966,0.04165422543883324,0.9943464398384094,1.005790025006789,1698105600.0,51
2023-10-25,0.0007997167228820188,-0.006248572575249551,1.0020642032352625,0.9941244558854536,-0.006229091462179426,0.09090908616781235,0.031555790454149246,4.0570281851126584e-05,0.11354822665452957,1.0,0.07984618842601776,1.0168521404266357,0.11354822665452957,0.9715245962142944,0.11354822665452957,0.9779821634292603,0.11354822665452957,0.9816962480545044,0.04177205637097359,0.9982638359069824,0.04177205637097359,0.9770639538764954,0.11354822665452957,0.9901424050331116,0.11354822665452957,1.0145668983459473,0.11354822665452957,1.0072767734527588,0.04177205637097359,1.0,0.999880461344891,1698192000.0,52
2023-10-26,0.0023637712070376307,0.004116716005881611,1.006197920222796,1.0032717314633457,0.004125201732770645,0.09090908616781235,0.031447526067495346,1.4869381772842656e-05,0.113347128033638,1.0,0.08147582411766052,1.0093611478805542,0.113347128033638,1.0130306482315063,0.113347128033638,1.0007487535476685,0.113347128033638,0.9990679025650024,0.04169807583093643,1.0,0.04169807583093643,0.9793148040771484,0.113347128033638,1.0135750770568848,0.113347128033638,1.0033780336380005,0.113347128033638,1.002384066581726,0.04169807583093643,1.0151286125183105,1.0031518017098577,1698278400.0,53
2023-10-27,0.00024352488556769592,-0.005531198519850997,1.0006478027734629,0.9942948764020746,-0.005515930154282311,0.09090909361839294,0.03181736171245575,3.435761195715528e-05,0.11398284882307053,1.0,0.0763242244720459,1.0078569650650024,0.11398284882307053,0.9903441071510315,0.11398284882307053,0.9824104905128479,0.11398284882307053,0.9850694537162781,0.041931942105293274,0.9773913025856018,0.041931942105293274,0.9845917820930481,0.11398284882307053,0.9991096258163452,0.11398284882307053,1.0016855001449585,0.11398284882307053,0.9976216554641724,0.041931942105293274,1.0111627578735352,0.9974286966936214,1698364800.0,54
2023-10-30,-0.0008456106202402722,-0.0029217626852223568,0.9977284140274721,0.9990418770096519,-0.002917498782188055,0.09090908616781235,0.03205246105790138,2.779775572074915e-05,0.11432939022779465,1.0,0.07351593673229218,1.0021202564239502,0.11432939022779465,1.0048749446868896,0.11432939022779465,0.9910261034965515,0.11432939022779465,0.9930524826049805,0.04205942898988724,0.9928825497627258,0.04205942898988724,0.9843447804450989,0.11432939022779465,0.9915079474449158,0.11432939022779465,0.9974759817123413,0.11432939022779465,0.9879596829414368,0.04205942898988724,1.0442159175872803,0.9964730373280863,1698624000.0,55
2023-10-31,-0.004691376016913742,-0.010810478027024088,0.9870005828181714,0.9877232855016534,-0.01075225588293749,0.09090909361839294,0.031985487788915634,2.3496237689933416e-05,0.1142340824007988,1.0,0.0742882713675499,0.9879893064498901,0.1142340824007988,1.0161653757095337,0.1142340824007988,0.9660447835922241,0.1142340824007988,0.9821927547454834,0.04202437028288841,0.985663115978241,0.04202437028288841,0.9740870594978333,0.1142340824007988,0.987835168838501,0.1142340824007988,0.9941045045852661,0.1142340824007988,0.9902746081352234,0.04202437028288841,0.9805994629859924,0.9842396223435091,1698710400.0,56
2023-11-01,-0.0038914207654659853,0.00212071796702642,0.9890959539599873,1.0056310079314492,0.002122968494945532,0.09090909361839294,0.031879544258117676,2.6042544336802083e-05,0.11407792568206787,1.0,0.07555374503135681,1.0085803270339966,0.11407792568206787,0.9840917587280273,0.11407792568206787,1.0084002017974854,0.11407792568206787,1.0174816846847534,0.04196692258119583,1.0381817817687988,0.04196692258119583,1.0187445878982544,0.11407792568206787,0.9958934783935547,0.11407792568206787,0.9974589347839355,0.11407792568206787,0.9877178072929382,0.04196692258119583,1.0053905248641968,0.989781883463372,1698796800.0,57
2023-11-02,-0.00580032403696138,-0.005632538881671982,0.9835404923426048,0.9942010315981779,-0.0056167064430305835,0.09090908616781235,0.03174125403165817,1.3853502480273821e-05,0.11386260390281677,1.0,0.0772986114025116,0.9950385689735413,0.11386260390281677,0.9870746731758118,0.11386260390281677,0.9943878054618835,0.11386260390281677,1.0006372928619385,0.04188770800828934,1.0,0.04188770800828934,0.9792274832725525,0.11386260390281677,0.9908348321914673,0.11386260390281677,0.991502583026886,0.11386260390281677,0.9975081086158752,0.04188770800828934,1.0,0.984042169596472,1698883200.0,58
2023-11-03,-0.0045207187314070035,0.003507853121991122,0.9869966666118815,1.0038468837738037,0.003514013196390886,0.09090907871723175,0.031596772372722626,3.2151925274601056e-05,0.11362065374851227,1.0,0.0792592465877533,1.0049861669540405,0.11362065374851227,1.0049148797988892,0.11362065374851227,1.025573492050171,0.11362065374851227,1.0069961547851562,0.04179869964718819,1.0105078220367432,0.04179869964718819,1.0157595872879028,0.11362065374851227,0.9754990935325623,0.11362065374851227,0.9931455254554749,0.11362065374851227,1.0174623727798462,0.04179869964718819,0.9874706268310547,0.9878276654514312,1698969600.0,59
2023-11-06,-0.003844100650319111,0.0018541767354892829,0.9888284307369531,1.0027491504495794,0.0018558969721342855,0.09090908616781235,0.03135349601507187,2.9236962270716183e-05,0.11315864324569702,1.0,0.08300324529409409,1.0241138935089111,0.11315864324569702,0.9739388823509216,0.11315864324569702,0.9974201917648315,0.11315864324569702,1.0025266408920288,0.04162873700261116,1.015597939491272,0.04162873700261116,0.9803118705749512,0.11315864324569702,0.9938384890556335,0.11315864324569702,1.0150970220565796,0.11315864324569702,1.014707326889038,0.04162873700261116,1.012688398361206,0.990543352322014,1699228800.0,60
2023-11-07,-0.001407929725694708,0.007037237733142589,0.9958115944579351,1.0104532892053777,0.007062057990967707,0.09090908616781235,0.031833529472351074,4.877067122964756e-05,0.11400783061981201,1.0,0.07612176984548569,1.0090051889419556,0.11400783061981201,0.9949783086776733,0.11400783061981201,0.9999572038650513,0.11400783061981201,1.029920220375061,0.04194113239645958,1.0068259239196777,0.04194113239645958,1.0596410036087036,0.11400783061981201,1.0076289176940918,0.11400783061981201,0.9987257122993469,0.11400783061981201,0.997580349445343,0.04194113239645958,1.010723352432251,1.0008977884543002,1699315200.0,61
2023-11-08,0.002050809997869972,0.01051043946799224,1.006333209533758,1.0108311122114009,0.010565869221025093,0.09090909361839294,0.03193586692214012,3.57977547749087e-05,0.11416180431842804,1.0,0.07487402111291885,1.0267674922943115,0.11416180431842804,0.9815242290496826,0.11416180431842804,1.0518124103546143,0.11416180431842804,1.0171234607696533,0.04199777916073799,1.01694917678833,0.04199777916073799,0.9919593930244446,0.11416180431842804,1.002841591835022,0.11416180431842804,1.002128005027771,0.11416180431842804,1.01210355758667,0.04199777916073799,1.0159329175949097,1.0117386247131916,1699401600.0,62
2023-11-09,-0.0031595455638003343,-0.0166795708666195,0.9896872117509224,0.9812820987267927,-0.016541238652501455,0.09090908616781235,0.031767360866069794,1.913564821560219e-05,0.11390435695648193,1.0,0.07696022838354111,0.9839566349983215,0.11390435695648193,0.9760160446166992,0.11390435695648193,0.9929922223091125,0.11390435695648193,0.9753479957580566,0.041903067380189896,0.9766666889190674,0.041903067380189896,0.9502049088478088,0.11390435695648193,0.9811208844184875,0.11390435695648193,0.9902328848838806,0.11390435695648193,0.9832479357719421,0.041903067380189896,0.984316885471344,0.9928010010215196,1699488000.0,63
2023-11-10,0.0005329372226412005,0.012178284890335895,1.0018135951896259,1.0105653947049922,0.012252743386720999,0.09090908616781235,0.031564731150865555,4.345252910020301e-05,0.11356418579816818,1.0,0.07971686869859695,0.9918440580368042,0.11356418579816818,1.0193049907684326,0.11356418579816818,1.0555921792984009,0.11356418579816818,1.0252751111984253,0.04177792742848396,1.0102388858795166,0.04177792742848396,1.0097519159317017,0.11356418579816818,1.0192424058914185,0.11356418579816818,1.0,0.11356418579816818,0.9902746081352234,0.04177792742848396,0.9946951866149902,1.0032903354608234,1699574400.0,64
2023-11-13,-0.000568217367040815,-0.003763845149737314,0.9980500107895677,0.9962898601185192,-0.003756771137993775,0.09090909361839294,0.03138641268014908,2.7352249368710006e-05,0.11322628706693649,1.0,0.08245508372783661,0.979452908039093,0.11322628706693649,0.9931146502494812,0.11322628706693649,0.980177640914917,0.11322628706693649,1.0054140090942383,0.041653621941804886,0.9915540218353271,0.041653621941804886,1.0066338777542114,0.11322628706693649,0.9919772744178772,0.11322628706693649,1.0077190399169922,0.11322628706693649,1.0049227476119995,0.041653621941804886,0.998222291469574,0.9995679879745258,1699833600.0,65
2023-11-14,-0.004795639878487939,-0.015318658842668668,0.98287772784215,0.9834026477553628,-0.015201926540148736,0.09090908616781235,0.03157789632678032,2.6314357390752103e-05,0.11358752846717834,1.0,0.07952769845724106,0.9811225533485413,0.11358752846717834,0.9670817255973816,0.11358752846717834,0.9980054497718811,0.11358752846717834,0.9838513731956482,0.04178651422262192,0.9693356156349182,0.04178651422262192,0.9682261943817139,0.11358752846717834,0.9928611516952515,0.11358752846717834,0.988512396812439,0.11358752846717834,0.9755560159683228,0.04178651422262192,0.9928766489028931,0.9829778059856493,1699920000.0,66
2023-11-15,-0.004669771932453696,0.0003254104613185956,0.9831976186146071,1.0009518374096265,0.00032546344615957956,0.09090907871723175,0.031712476164102554,2.4010895242783018e-05,0.11381592601537704,1.0,0.07767681777477264,1.004274845123291,0.11381592601537704,1.021488070487976,0.11381592601537704,0.9991605877876282,0.11381592601537704,0.9960472583770752,0.041870538145303726,1.010544776916504,0.041870538145303726,0.9894769787788391,0.11381592601537704,0.984669029712677,0.11381592601537704,1.0008618831634521,0.11381592601537704,0.994978666305542,0.041870538145303726,1.0089681148529053,0.983913441034219,1700006400.0,67
2023-11-16,0.0009458979407863784,0.020640875796863533,1.0037025727148094,1.0203471454707058,0.020855374048907027,0.09090908616781235,0.03281748294830322,6.382586295051727e-05,0.11528420448303223,1.0,0.06577844172716141,1.0432897806167603,0.11528420448303223,1.0403597354888916,0.11528420448303223,1.0085203647613525,0.11528420448303223,1.0228890180587769,0.04241068661212921,1.0260869264602661,0.04241068661212921,0.990612804889679,0.11528420448303223,1.0053508281707764,0.11528420448303223,1.025805950164795,0.11528420448303223,1.0377744436264038,0.04241068661212921,1.0231287479400635,1.003933270949525,1700092800.0,68
2023-11-17,0.005286594368177161,0.01805142168342133,1.0219853515229125,1.021053140813654,0.018215335204981864,0.09090908616781235,0.03148438036441803,7.563378511804021e-05,0.11341729760169983,1.0,0.0809071809053421,1.0265308618545532,0.11341729760169983,0.9983179569244385,0.11341729760169983,1.0082896947860718,0.11341729760169983,1.020283818244934,0.041723888367414474,1.01694917678833,0.041723888367414474,1.0435888767242432,0.11341729760169983,1.0280773639678955,0.11341729760169983,1.0037715435028076,0.11341729760169983,1.0509884357452393,0.041723888367414474,1.0347868204116821,1.0250692194703377,1700179200.0,69
2023-11-20,0.004256097786069539,-0.004068457527957156,1.0178358937890821,0.9953904260288585,-0.00406019296426019,0.09090909361839294,0.032538000494241714,6.473106340028386e-05,0.11495894938707352,1.0,0.06841425597667694,1.0046427249908447,0.11495894938707352,0.9864853024482727,0.11495894938707352,0.9736045002937317,0.11495894938707352,1.004093885421753,0.042291030287742615,1.0133333206176758,0.042291030287742615,0.9449114799499512,0.11495894938707352,0.9962340593338013,0.11495894938707352,1.0079351663589478,0.11495894938707352,1.0046038627624512,0.042291030287742615,1.0134503841400146,1.020344087077649,1700438400.0,70
2023-11-21,0.004558619320946568,0.001394602359305083,1.0192563605303164,1.0031564885919744,0.001395575406509142,0.09090908616781235,0.03140520676970482,7.448600127983236e-05,0.11326408386230469,1.0,0.08214881271123886,0.9907642602920532,0.11326408386230469,0.9897158741950989,0.11326408386230469,0.9765657782554626,0.11326408386230469,1.0244629383087158,0.041667524725198746,0.9917763471603394,0.041667524725198746,1.000641942024231,0.11326408386230469,1.0108668804168701,0.11326408386230469,1.0058045387268066,0.11326408386230469,0.997697114944458,0.041667524725198746,1.046425700187683,1.023564791548398,1700524800.0,71
2023-11-22,-0.00010376739969270493,-0.019532258050370285,0.99954114841939,0.978789898482236,-0.01934274131060476,0.09090909361839294,0.031989194452762604,5.769107616285333e-05,0.11423942446708679,1.0,0.07424497604370117,0.994006872177124,0.11423942446708679,0.9844321012496948,0.11423942446708679,0.9489033222198486,0.11423942446708679,0.9641846418380737,0.0420263335108757,0.9684908986091614,0.0420263335108757,0.943020224571228,0.11423942446708679,0.9794322848320007,0.11423942446708679,0.9929935932159424,0.11423942446708679,1.0023081302642822,0.0420263335108757,0.98891681432724,1.0018548784096475,1700611200.0,72
2023-11-23,-0.002173050188952697,-0.009317335308000475,0.9902713394741415,0.990307937968861,-0.00927406436434075,0.09090907871723175,0.03173191100358963,3.661490734782544e-05,0.1138475239276886,1.0,0.07742081582546234,0.9892851710319519,0.1138475239276886,0.9929693937301636,0.1138475239276886,0.9930675029754639,0.1138475239276886,0.9758246541023254,0.04188216105103493,0.9863013625144958,0.04188216105103493,0.9742037653923035,0.1138475239276886,1.0028611421585083,0.1138475239276886,1.0124499797821045,0.1138475239276886,0.9632222652435303,0.04188216105103493,1.0032020807266235,0.992144838781902,1700697600.0,73
2023-11-24,-0.0014319988950702205,0.0032811802982941826,0.9935259351489576,1.0024397806687788,0.0032865695946975304,0.09090909361839294,0.03135143220424652,3.688989433756763e-05,0.1131543293595314,1.0,0.08303814381361008,1.0176011323928833,0.1131543293595314,1.0053150653839111,0.1131543293595314,1.0344223976135254,0.1131543293595314,1.0072495937347412,0.041627150028944016,0.9809027314186096,0.041627150028944016,1.020906925201416,0.1131543293595314,0.993812084197998,0.1131543293595314,0.9897525310516357,0.1131543293595314,0.9928513169288635,0.041627150028944016,0.9840238094329834,0.9945654545801907,1700784000.0,74
2023-11-27,-0.0029172113342292084,-0.006896636628897023,0.9866975207150454,0.990464145487005,-0.00687291009961255,0.09090909361839294,0.03224605321884155,5.7459844050656536e-05,0.11459212005138397,1.0,0.07138682156801224,0.9953455328941345,0.11459212005138397,0.9982439279556274,0.11459212005138397,0.9821729063987732,0.11459212005138397,0.9922018647193909,0.04215608164668083,0.9911503791809082,0.04215608164668083,0.9522160887718201,0.11459212005138397,0.9865917563438416,0.11459212005138397,1.005383014678955,0.11459212005138397,1.0047919750213623,0.04215608164668083,0.9870081543922424,0.9850814231016634,1701043200.0,75
2023-11-28,-0.0014709258637035645,0.006559307537214386,0.993190846434721,1.0055592439391396,0.0065808675742593525,0.09090909361839294,0.031707800924777985,5.924264758024144e-05,0.113808274269104,1.0,0.07773886620998383,1.0093592405319214,0.113808274269104,1.0,0.113808274269104,1.0412706136703491,0.113808274269104,0.9894203543663025,0.04186772182583809,0.9660714268684387,0.04186772182583809,0.9856624007225037,0.113808274269104,1.026699185371399,0.113808274269104,1.0197715759277344,0.113808274269104,0.9784786701202393,0.04186772182583809,1.044418215751648,0.9905577310326004,1701129600.0,76
2023-11-29,0.004286447364379848,0.028666373741694055,1.0220740396109604,1.0300149267370051,0.029081211611969637,0.09090908616781235,0.03208334743976593,4.8498529355065663e-05,0.11475764960050583,1.0,0.07248912006616592,1.0198665857315063,0.11475764960050583,1.0476090908050537,0.11475764960050583,1.0417096614837646,0.11231402307748795,1.0470517873764038,0.04221697896718979,1.0406655073165894,0.04221697896718979,1.0683656930923462,0.11475764960050583,1.046805739402771,0.11475764960050583,0.9983826279640198,0.11475764960050583,1.0244439840316772,0.04221697896718979,0.9952635169029236,1.020289248758318,1701216000.0,77
2023-11-30,0.00527867012907145,0.0052927277878887435,1.027497940765517,1.0039955648508938,0.005306759534388528,0.09090909361839294,0.031718794256448746,3.6220218769126304e-05,0.11382623761892319,1.0,0.0775933563709259,1.004542589187622,0.11382623761892319,1.0067347288131714,0.11382623761892319,0.9924704432487488,0.11382623761892319,1.011087417602539,0.04187433049082756,1.0142096281051636,0.04187433049082756,1.0,0.11382623761892319,1.0140035152435303,0.11382623761892319,0.9991899728775024,0.11382623761892319,1.0238608121871948,0.04187433049082756,0.9778521060943604,1.0243658806184015,1701302400.0,78
2023-12-01,0.006268511824797305,0.005369983578668778,1.0330304297641797,1.005993897264654,0.00538442830799335,0.09090909361839294,0.03209871053695679,3.14533270281484e-05,0.11439380049705505,1.0,0.07299390435218811,1.0161596536636353,0.11439380049705505,1.0050216913223267,0.11439380049705505,1.0047770738601685,0.11439380049705505,1.0187597274780273,0.042083125561475754,1.0122592449188232,0.042083125561475754,1.021105170249939,0.11439380049705505,1.000892996788025,0.11439380049705505,0.9975721836090088,0.11439380049705505,1.0023350715637207,0.042083125561475754,0.9870500564575195,1.030505824468245,1701388800.0,79
2023-12-04,0.00939157086756391,0.017890123485340585,1.051677777837855,1.0196649865670637,0.01805111208382515,0.09090908616781235,0.03201979026198387,3.0340263368610812e-05,0.11428320407867432,1.0,0.07389018684625626,1.0038152933120728,0.11428320407867432,1.0366002321243286,0.11428320407867432,1.0327603816986084,0.11428320407867432,0.998867928981781,0.04204243794083595,1.0103806257247925,0.04204243794083595,1.0453327894210815,0.11428320407867432,1.0097872018814087,0.11428320407867432,1.0227290391921997,0.11428320407867432,1.0232504606246948,0.04204243794083595,1.0327908992767334,1.050770707663694,1701648000.0,80
2023-12-05,0.009731325090499033,0.0021590796624537927,1.0539508871843957,1.0026516968553716,0.0021614123588442613,0.09090907871723175,0.03216252848505974,2.7617409879212626e-05,0.11448093503713608,1.0,0.07228783518075943,1.0316908359527588,0.11448093503713608,1.0,0.11448093503713608,0.9868472218513489,0.11448093503713608,0.9934772849082947,0.04211518168449402,1.0051369667053223,0.04211518168449402,0.9808664321899414,0.11448093503713608,1.0088177919387817,0.11448093503713608,1.0134916305541992,0.11448093503713608,0.9977231621742249,0.04211518168449402,1.0111173391342163,1.0535570330449224,1701734400.0,81
2023-12-06,0.010465396348856267,0.004382150562444437,1.0585795935325593,1.0069637298583984,0.0043917666415453915,0.09090908616781235,0.03174023702740669,3.91859291569144e-05,0.11386096477508545,1.0,0.07731185853481293,0.993857741355896,0.11386096477508545,1.0048202276229858,0.11386096477508545,1.0211681127548218,0.11386096477508545,1.0145564079284668,0.041887104511260986,1.0187393426895142,0.041887104511260986,1.0123529434204102,0.11386096477508545,0.9855795502662659,0.11386096477508545,0.99412602186203,0.11386096477508545,1.0,0.041887104511260986,1.0314006805419922,1.0608937196134631,1701820800.0,82
2023-12-07,0.011843160107583755,0.008211325235267714,1.0673077213901316,1.0104591250419617,0.008245131410899331,0.09090909361839294,0.03171675279736519,1.003902878787816e-05,0.11382290720939636,1.0,0.07762026786804199,1.0160672664642334,0.11382290720939636,1.0063903331756592,0.11382290720939636,1.009788990020752,0.11382290720939636,0.9974680542945862,0.041873104870319366,1.0183947086334229,0.041873104870319366,1.0327582359313965,0.11382290720939636,1.00886869430542,0.11382290720939636,1.0063010454177856,0.11382290720939636,1.011409878730774,0.041873104870319366,1.0076031684875488,1.0719897396831322,1701907200.0,83
2023-12-08,0.011899026169907545,0.0007003948466536306,1.0680555201346504,0.9997002536600287,0.000700640246043438,0.09090908616781235,0.031126178801059723,5.304800927959813e-05,0.11262308061122894,1.0,0.0873432382941246,0.9902693033218384,0.11262308061122894,1.023798942565918,0.11262308061122894,0.9947158694267273,0.11262308061122894,0.9957694411277771,0.04143171384930611,0.9753694534301758,0.04143171384930611,1.0130552053451538,0.11262308061122894,0.9982427358627319,0.11262308061122894,1.0054818391799927,0.11262308061122894,1.0,0.04143171384930611,1.0,1.0716684146821753,1701993600.0,84
2023-12-11,0.010524048687293883,-0.0069541022328486555,1.0606539177398842,0.9939006025140936,-0.006929979064977054,0.09090907871723175,0.03141605108976364,4.654290003590389e-05,0.1132856234908104,1.0,0.08197423070669174,1.028865933418274,0.1132856234908104,0.9798470139503479,0.1132856234908104,0.9880377054214478,0.1132856234908104,0.9872514009475708,0.041675448417663574,0.9932659864425659,0.041675448417663574,1.0110540390014648,0.1132856234908104,1.001319169998169,0.1132856234908104,0.9711931347846985,0.1132856234908104,0.9977438449859619,0.041675448417663574,0.9743283987045288,1.0651318830479375,1702252800.0,85
2023-12-12,0.012095495354556864,0.009666237618627099,1.0709561632664204,1.010747335173867,0.009713107503047658,0.09090907126665115,0.03153641149401665,2.3472827625245444e-05,0.11351331323385239,1.0,0.08012908697128296,0.9958235621452332,0.11351331323385239,1.0047515630722046,0.11351331323385239,1.0374038219451904,0.11351331323385239,1.0043033361434937,0.04175921157002449,1.0118643045425415,0.04175921157002449,1.0382506847381592,0.11351331323385239,1.0070319175720215,0.11351331323385239,0.9991974234580994,0.11351331323385239,1.01804518699646,0.04175921157002449,1.0015488862991333,1.0765792123994258,1702339200.0,86
2023-12-13,0.009967220702118017,-0.011052350236443773,1.059184750273765,0.9865559285337274,-0.01099149843514835,0.09090908616781235,0.032832663506269455,6.396109537890065e-05,0.11530126631259918,1.0,0.06564021855592728,0.9574310183525085,0.11530126631259918,0.9763714075088501,0.11530126631259918,0.9747579097747803,0.11530126631259918,0.9960026144981384,0.04241696372628212,0.9865996837615967,0.04241696372628212,0.9573103189468384,0.11530126631259918,0.9943252801895142,0.11530126631259918,1.0148446559906006,0.11530126631259918,1.0022212266921997,0.04241696372628212,0.9922510981559753,1.0621056045288244,1702425600.0,87
2023-12-14,0.013412440773385322,0.023720671453841997,1.0846096822012605,1.024748146533966,0.024004246587693068,0.09090908616781235,0.0317227765917778,7.591722073748558e-05,0.11494016647338867,1.0,0.07578243315219879,1.056984543800354,0.11494016647338867,1.0161393880844116,0.11494016647338867,1.0865622758865356,0.10772416740655899,1.0091789960861206,0.04228411987423897,1.0050934553146362,0.04228411987423897,1.0476479530334473,0.11494016647338867,1.0175615549087524,0.11494016647338867,0.9901171326637268,0.11494016647338867,1.0398271083831787,0.04228411987423897,1.0031172037124634,1.0883907496642504,1702512000.0,88
2023-12-15,0.013265780970447649,-0.00042169618899884923,1.0841524028128195,0.9976040775125677,-0.0004216073265296272,0.09090908616781235,0.03218585625290871,4.314935786654492e-05,0.11451230198144913,1.0,0.07203365117311478,0.9674184918403625,0.11451230198144913,1.001583218574524,0.11451230198144913,1.0284796953201294,0.11451230198144913,0.9928929805755615,0.042126718908548355,0.9645270109176636,0.042126718908548355,1.0139936208724976,0.11451230198144913,1.005176067352295,0.11451230198144913,0.9980036616325378,0.11451230198144913,1.0,0.042126718908548355,1.0015701055526733,1.0857830497920167,1702598400.0,89
2023-12-18,0.01485701221414069,0.010896250153583807,1.0960301938604688,1.0073419430039146,0.01095583150194801,0.09090909361839294,0.03160034865140915,5.1581132440170504e-05,0.1136268898844719,1.0,0.07920873910188675,0.9932592511177063,0.1136268898844719,1.0095181465148926,0.1136268898844719,1.0000685453414917,0.1136268898844719,1.0214707851409912,0.04180099442601204,0.9912434220314026,0.04180099442601204,0.9994237422943115,0.1136268898844719,1.0240355730056763,0.1136268898844719,1.0179985761642456,0.1136268898844719,1.036170244216919,0.04180099442601204,0.9875730872154236,1.0937548070582062,1702857600.0,90
2023-12-19,0.015630630164130372,0.0054539319877149415,1.102024199130377,1.006651910868558,0.005468832248859634,0.09090909361839294,0.03219321742653847,4.8357321627485026e-05,0.11452215164899826,1.0,0.07195388525724411,1.009868860244751,0.11452215164899826,0.9968516230583191,0.11452215164899826,0.9964060187339783,0.11452215164899826,0.9915933609008789,0.04213033989071846,1.0053004026412964,0.04213033989071846,1.0011531114578247,0.11452215164899826,1.028079867362976,0.11452215164899826,1.0192539691925049,0.11452215164899826,0.9979429244995117,0.04213033989071846,1.0267208814620972,1.1010303665468144,1702944000.0,91
2023-12-20,0.015264606304043818,-0.0016997529182262165,1.100152621172629,0.997537992217324,-0.0016983093104715463,0.09090908616781235,0.03177906200289726,2.6744846754474043e-05,0.11392290145158768,1.0,0.07680998742580414,1.0030524730682373,0.11392290145158768,0.9858296513557434,0.11392290145158768,0.9995878338813782,0.11392290145158768,0.9983043670654297,0.04190989211201668,0.9947275519371033,0.04190989211201668,0.9953986406326294,0.11392290145158768,1.019565224647522,0.11392290145158768,0.9969162940979004,0.11392290145158768,0.991775631904602,0.04190989211201668,0.9877602458000183,1.0983196212154136,1703030400.0,92
2023-12-21,0.01437765364824156,-0.00482409321403559,1.0948581626444072,0.9953168034553528,-0.004812476402209054,0.09090908616781235,0.031805071979761124,1.4655301513665006e-05,0.11396373063325882,1.0,0.07647908478975296,1.007300853729248,0.11396373063325882,0.990405797958374,0.11396373063325882,1.0009279251098633,0.11396373063325882,0.988675057888031,0.041924912482500076,0.9946997165679932,0.041924912482500076,0.9878793358802795,0.11396373063325882,0.9952025413513184,0.11396373063325882,1.0015486478805542,0.11396373063325882,0.9833939075469971,0.041924912482500076,0.9984510540962219,1.0931759745604193,1703116800.0,93
2023-12-22,0.015329905897212325,0.0067652704093957156,1.102290286668882,1.0078035972335122,0.006788207165139948,0.09090909361839294,0.03184368461370468,2.622163164919287e-05,0.11402341723442078,1.0,0.07599539309740067,1.0030211210250854,0.11402341723442078,1.0016260147094727,0.11402341723442078,1.036392331123352,0.11402341723442078,0.9982820749282837,0.04194686934351921,0.9982237815856934,0.04194686934351921,1.0461668968200684,0.11402341723442078,0.9983931183815002,0.11402341723442078,0.997296154499054,0.11402341723442078,1.0126596689224243,0.04194686934351921,0.9937784075737,1.101706679571241,1703203200.0,94
2023-12-25,0.01549280567463653,0.0015590797583539297,1.1040101856800488,1.0010155168446628,0.0015602958966138836,0.09090909361839294,0.031154649332165718,5.762782912227394e-05,0.11269865185022354,1.0,0.08673082292079926,0.9837380647659302,0.11269865185022354,1.0096540451049805,0.11269865185022354,1.0060290098190308,0.11269865185022354,1.006308913230896,0.04145951569080353,1.0160142183303833,0.04145951569080353,0.9905056953430176,0.11269865185022354,1.0068411827087402,0.11269865185022354,0.997288703918457,0.11269865185022354,0.9979129433631897,0.04145951569080353,0.996877908706665,1.1028254812622231,1703462400.0,95
2023-12-26,0.014003237802425976,-0.008440471388146485,1.0947310337481115,0.9920733571052551,-0.008404951378434555,0.09090909361839294,0.03135552257299423,5.625274143271179e-05,0.11316285282373428,1.0,0.08296912163496017,0.9730557203292847,0.11316285282373428,1.0350825786590576,0.11316285282373428,0.9826138019561768,0.11316285282373428,1.027651071548462,0.04163028299808502,1.0175131559371948,0.04163028299808502,0.9921045303344727,0.11316285282373428,0.9856134057044983,0.11316285282373428,0.9638968110084534,0.11316285282373428,0.9603471755981445,0.04163028299808502,0.9749286770820618,1.0940837774970322,1703548800.0,96
2023-12-27,0.013372673221437415,-0.0034998953301816856,1.0909062863772285,0.9976542808792808,-0.003493778154610161,0.09090908616781235,0.03266244754195213,8.017069127703036e-05,0.11510653793811798,1.0,0.06721822172403336,1.0037745237350464,0.11510653793811798,0.9845983386039734,0.11510653793811798,0.9801953434944153,0.11510653793811798,0.9991679787635803,0.0423453263938427,0.9827883243560791,0.0423453263938427,1.0250142812728882,0.11510653793811798,0.9951344728469849,0.11510653793811798,1.002419352531433,0.11510653793811798,1.004333734512329,0.0423453263938427,0.9967707395553589,1.0915173642604887,1703635200.0,97
2023-12-28,0.013287150209629691,-0.00010552026238235068,1.0907911797222525,0.9989980188283053,-0.00010551470498743054,0.09090907871723175,0.03192463517189026,3.324200368774524e-05,0.11414523422718048,1.0,0.07500821352005005,1.0288375616073608,0.11414523422718048,1.0,0.11414523422718048,0.9907006621360779,0.11414523422718048,1.0299838781356812,0.04199168458580971,1.0,0.04199168458580971,0.966164767742157,0.11414523422718048,0.9910341501235962,0.11414523422718048,0.9919633865356445,0.11414523422718048,0.9935166239738464,0.04199168458580971,0.9967771768569946,1.0904236844129218,1703721600.0,98
2023-12-29,0.013252842920037524,0.0002195975975213181,1.091030741169273,1.0014277750795537,0.0002196217309728965,0.09090909361839294,0.031140172854065895,5.6400946419014314e-05,0.11266061663627625,1.0,0.08703912794589996,1.0006144046783447,0.11266061663627625,1.001560926437378,0.11266061663627625,0.9974120259284973,0.11266061663627625,1.0016168355941772,0.041445519775152206,1.0122592449188232,0.041445519775152206,1.0034457445144653,0.11266061663627625,0.9909530878067017,0.11266061663627625,1.000810980796814,0.11266061663627625,1.0021824836730957,0.041445519775152206,1.0048497915267944,1.0919805641756817,1703808000.0,99
2024-01-02,0.015347843084278435,0.015968605318991885,1.1085928299071022,1.0169271664185957,0.01609678634628353,0.09090908616781235,0.03133019059896469,3.0081571474912597e-05,0.1131095364689827,1.0,0.0834011659026146,1.0079131126403809,0.1131095364689827,1.0343867540359497,0.1131095364689827,1.0312422513961792,0.1131095364689827,1.013185739517212,0.04161066934466362,1.003460168838501,0.04161066934466362,1.0554910898208618,0.1131095364689827,1.0199185609817505,0.1131095364689827,0.9983793497085571,0.1131095364689827,1.0173784494400024,0.04161066934466362,1.0048433542251587,1.1104647009113555,1704153600.0,100
2024-01-03,0.013191160689009726,-0.012831956118603391,1.094458294891462,0.9871186397292397,-0.012749978742713441,0.09090908616781235,0.03231579437851906,6.111694614939218e-05,0.11468267440795898,1.0,0.070653036236763,0.9806679487228394,0.11468267440795898,0.9622363448143005,0.11468267440795898,0.9900021553039551,0.11468267440795898,0.985924482345581,0.04218939691781998,0.989655077457428,0.04218939691781998,0.9756085276603699,0.11468267440795898,0.9898253083229065,0.11468267440795898,1.0020270347595215,0.11468267440795898,0.9871781468391418,0.04218939691781998,0.9951800107955933,1.0961604050309544,1704240000.0,101
2024-01-04,0.014474746708452802,0.009821304466977267,1.105260261889605,1.0126595876433633,0.009869692658516671,0.09090908616781235,0.0309161264449358,0.00011387286245207816,0.11190728098154068,1.0,0.09314379841089249,0.9944537281990051,0.11190728098154068,1.043943166732788,0.11190728098154068,1.0037952661514282,0.11190728098154068,0.9932644963264465,0.04116838425397873,1.0139373540878296,0.04116838425397873,1.0538883209228516,0.11190728098154068,1.0106871128082275,0.11190728098154068,1.0113277435302734,0.11190728098154068,0.9978533387184143,0.04116838425397873,1.0161049365997314,1.1100373437496283,1704326400.0,102
2024-01-05,0.014288187850002493,-0.0007855241478727472,1.1043923940958351,0.9974045211618597,-0.0007852157755913192,0.09090908616781235,0.03216540440917015,9.499836396147413e-05,0.11448481678962708,1.0,0.0722564086318016,0.9925616383552551,0.11448481678962708,1.0105314254760742,0.11448481678962708,1.0165430307388306,0.11448481678962708,0.990234911441803,0.04211660847067833,0.993127167224884,0.04211660847067833,0.9646824598312378,0.11448481678962708,1.0004076957702637,0.11448481678962708,0.997601330280304,0.11448481678962708,0.9978269338607788,0.04211660847067833,1.0079331398010254,1.1071562653143807,1704412800.0,103
2024-01-08,0.014393471089074104,0.0012165031633409394,1.105736708574095,0.9976367679509249,0.001217243513670141,0.09090909361839294,0.03259140998125076,3.842986864161362e-05,0.11502286791801453,1.0,0.0678962767124176,1.0018751621246338,0.11502286791801453,1.0014842748641968,0.11502286791801453,1.037894368171692,0.11502286791801453,0.9969894886016846,0.042314544320106506,0.9809688329696655,0.042314544320106506,0.9939876794815063,0.11502286791801453,0.9963409304618835,0.11502286791801453,1.002803921699524,0.11502286791801453,0.9978222846984863,0.042314544320106506,0.9638375043869019,1.1045397981448555,1704672000.0,104
2024-01-09,0.014045291561115137,-0.001905181477046236,1.1036320847696546,0.9982330961660906,-0.0019033679429476535,0.09090908616781235,0.031950801610946655,3.835159779728151e-05,0.114183709025383,1.0,0.07469646632671356,1.0137040615081787,0.114183709025383,0.9851475954055786,0.114183709025383,1.0137275457382202,0.114183709025383,1.0016480684280396,0.042005836963653564,0.9929453134536743,0.042005836963653564,0.9774634838104248,0.114183709025383,1.0020407438278198,0.114183709025383,0.998801052570343,0.114183709025383,0.9804010391235352,0.042005836963653564,1.0146851539611816,1.1025881825408077,1704758400.0,105
2024-01-10,0.013340913311284227,-0.004321717546880243,1.0988727897633435,0.9972975524989042,-0.004312392754787009,0.09090908616781235,0.03159720078110695,1.8101293044741046e-05,0.11376578360795975,1.0,0.0789308175444603,1.014751672744751,0.11376578360795975,0.9969750046730042,0.11376578360795975,0.9813132286071777,0.11291812360286713,0.9849129319190979,0.04185209050774574,1.001776099205017,0.04185209050774574,0.9988728165626526,0.11376578360795975,0.9918577671051025,0.11376578360795975,0.9943971633911133,0.11376578360795975,1.0022039413452148,0.04185209050774574,1.0032124519348145,1.0996084958621626,1704844800.0,106
2024-01-11,0.01138619131698328,-0.012457575029431097,1.0852684130029,0.9875020005486228,-0.012380301784862047,0.09090907126665115,0.031285520642995834,4.102622949282835e-05,0.11301234364509583,1.0,0.0841887891292572,0.9739600419998169,0.11301234364509583,0.9757918119430542,0.11301234364509583,0.9925051331520081,0.11301234364509583,0.9749388098716736,0.04157491400837898,0.9946808815002441,0.04157491400837898,0.9634047746658325,0.11301234364509583,0.988503098487854,0.11301234364509583,0.9995948672294617,0.11301234364509583,0.9911373257637024,0.04157491400837898,1.0080052614212036,1.0858655894841476,1704931200.0,107
2024-01-12,0.0120299077165151,0.005140023342320033,1.0908610793972189,1.0048818317326633,0.005153256399349271,0.09090909361839294,0.03169849142432213,3.8267406799834884e-05,0.11379298567771912,1.0,0.07786275446414948,1.0142990350723267,0.11379298567771912,1.0077651739120483,0.11379298567771912,0.9939716458320618,0.11379298567771912,1.0185667276382446,0.04186210036277771,0.9982174038887024,0.04186210036277771,1.025130271911621,0.11379298567771912,1.001248836517334,0.11379298567771912,1.0008063316345215,0.11379298567771912,1.0111831426620483,0.04186210036277771,0.982511579990387,1.0911666025762985,1705017600.0,108
2024-01-15,0.013039315429663814,0.008064250153467924,1.0996936228841285,1.0066941922361201,0.008096854543376164,0.09090908616781235,0.033019620925188065,7.290703745605127e-05,0.11550676077604294,1.0,0.06397493928670883,1.0233001708984375,0.11550676077604294,1.0030689239501953,0.11550676077604294,0.9964461326599121,0.11550676077604294,1.016825556755066,0.04249256104230881,0.9982143044471741,0.04249256104230881,0.9823241233825684,0.11550676077604294,1.0095372200012207,0.11550676077604294,1.0032190084457397,0.11550676077604294,1.0309840440750122,0.04249256104230881,1.0097166299819946,1.0984710815755783,1705276800.0,109
2024-01-16,0.014163616849013284,0.009133235474460237,1.1097833905799064,1.0113972588018938,0.009175071570675986,0.09090908616781235,0.032591938972473145,2.54892156695646e-05,0.11502349376678467,1.0,0.06789116561412811,1.0287609100341797,0.11502349376678467,1.0291481018066406,0.11502349376678467,1.0078532695770264,0.11502349376678467,1.0107537508010864,0.04231477528810501,1.0250446796417236,0.04231477528810501,1.0243797302246094,0.11502349376678467,1.0036981105804443,0.11502349376678467,0.9919804930686951,0.11502349376678467,1.0021497011184692,0.04231477528810501,1.0016010999679565,1.1109906407786914,1705363200.0,110
2024-01-17,0.01349189709570049,-0.004309789051281698,1.105010749767833,0.9958900050683455,-0.004300515625467738,0.09090909361839294,0.03152910992503166,5.437809774040717e-05,0.11350005120038986,1.0,0.08023658394813538,1.0355242490768433,0.11350005120038986,1.0,0.11350005120038986,0.9694806337356567,0.11350005120038986,1.002455234527588,0.041754335165023804,0.9930192232131958,0.041754335165023804,0.9660041332244873,0.11350005120038986,0.9930412769317627,0.11350005120038986,0.9963585138320923,0.11350005120038986,0.9957098364830017,0.041754335165023804,1.0031969547271729,1.1064244748759753,1705449600.0,111
2024-01-18,0.01308414697690477,-0.002508823963814257,1.1022419467396374,0.9967144294218584,-0.002505679721918841,0.09090908616781235,0.0320599228143692,4.23565111574023e-05,0.11433985829353333,1.0,0.0734310895204544,0.9994387626647949,0.11433985829353333,1.0193718671798706,0.11433985829353333,0.9969188570976257,0.11433985829353333,0.999728798866272,0.04206328094005585,0.9912126064300537,0.04206328094005585,0.9900263547897339,0.11433985829353333,0.9736183881759644,0.11433985829353333,0.9918818473815918,0.11433985829353333,1.0064414739608765,0.04206328094005585,0.9952197670936584,1.102789239174387,1705536000.0,112
2024-01-19,0.01421324595676717,0.009370892687318104,1.1126194861384444,1.007643374529752,0.009414937826947245,0.09090908616781235,0.032481055706739426,3.9512258309539886e-05,0.11488979309797287,1.0,0.06897462904453278,0.9988768696784973,0.11488979309797287,1.0116970539093018,0.11488979309797287,1.0083982944488525,0.11488979309797287,0.9861144423484802,0.04226559028029442,0.9911348223686218,0.04226559028029442,0.9792644381523132,0.11488979309797287,1.0105838775634766,0.11488979309797287,1.0376455783843994,0.11488979309797287,1.0299248695373535,0.04226559028029442,1.0304368734359741,1.111218270356777,1705622400.0,113
2024-01-22,0.013402305955245535,-0.005383423182665231,1.106645877722831,0.9950388128107245,-0.005368959010726981,0.09090908616781235,0.031801484525203705,3.961661146588163e-05,0.11395812779664993,1.0,0.07652447372674942,0.987040638923645,0.11395812779664993,1.008663535118103,0.11395812779664993,0.9963021874427795,0.11395812779664993,0.9939252734184265,0.04192284867167473,1.0053666830062866,0.04192284867167473,0.9987936615943909,0.11395812779664993,0.9916223287582397,0.11395812779664993,0.9917196035385132,0.11395812779664993,0.9813156127929688,0.04192284867167473,0.9906774163246155,1.105705308509394,1705881600.0,114
2024-01-23,0.01301701194777388,-0.0024132020660348925,1.1039785370734518,0.9971073920076544,-0.0024102928525499,0.09090909361839294,0.03306535258889198,6.791471219576745e-05,0.11555583029985428,1.0,0.06357736140489578,1.0017144680023193,0.11555583029985428,1.0014289617538452,0.11555583029985428,0.9739528298377991,0.11555583029985428,0.9980568289756775,0.042510610073804855,1.0053380727767944,0.042510610073804855,0.9588133096694946,0.11555583029985428,0.9919751286506653,0.11555583029985428,1.0190834999084473,0.11555583029985428,1.0021178722381592,0.042510610073804855,1.015700340270996,1.1025069364968207,1705968000.0,115
2024-01-24,0.013888846775645902,0.007371283636532036,1.1121463433607357,1.0055752775885842,0.007398519095249689,0.09090909361839294,0.03208149969577789,4.651467899606434e-05,0.1143699660897255,1.0,0.07318714261054993,1.0199421644210815,0.1143699660897255,1.0071653127670288,0.1143699660897255,0.9982489943504333,0.1143699660897255,1.0008347034454346,0.042074356228113174,0.9876105785369873,0.042074356228113174,0.9917834401130676,0.1143699660897255,1.0438644886016846,0.1143699660897255,0.9992187023162842,0.1143699660897255,1.0126596689224243,0.042074356228113174,1.0,1.10865371871113,1706054400.0,116
2024-01-25,0.01329481602198729,-0.0039539139259883145,1.1077576939390963,0.9983534108508717,-0.003946107855174463,0.09090909361839294,0.030950048938393593,8.561357268471631e-05,0.11205283552408218,1.0,0.09196428954601288,1.0,0.11205283552408218,0.9829530119895935,0.11205283552408218,0.9973518252372742,0.11205283552408218,0.9858172535896301,0.04122193157672882,0.9820788502693176,0.04122193157672882,1.0401334762573242,0.11205283552408218,1.0077539682388306,0.11205283552408218,0.9925823211669922,0.11205283552408218,0.991672694683075,0.04122193157672882,1.0015441179275513,1.1068282215277596,1706140800.0,117
2024-01-26,0.015928319032407066,0.025433994971455605,1.1362937548277072,1.0240464860742742,0.025760201030190055,0.09090909361839294,0.031387846916913986,6.142955823985839e-05,0.11322920024394989,1.0,0.08243146538734436,1.0273741483688354,0.11322920024394989,1.0130031108856201,0.11322920024394989,1.0793794393539429,0.11322920024394989,1.0315932035446167,0.041654691100120544,1.010948896408081,0.041654691100120544,0.9963243007659912,0.11322920024394989,1.0161921977996826,0.11322920024394989,1.018488883972168,0.11322920024394989,1.0357142686843872,0.041654691100120544,1.0354928970336914,1.1334435509433405,1706227200.0,118
2024-01-29,0.014450430872262448,-0.010452887760067265,1.1244780643285215,0.9872294881127097,-0.01039844709960347,0.09090908616781235,0.03131134435534477,2.446841966834482e-05,0.11306904256343842,1.0,0.0837293341755867,0.9874916076660156,0.11306904256343842,0.9957161545753479,0.11306904256343842,0.9872531294822693,0.11306904256343842,0.9956264495849609,0.04159577563405037,0.9801443815231323,0.04159577563405037,0.9618887305259705,0.11306904256343842,0.9972125887870789,0.11306904256343842,1.001546859741211,0.11306904256343842,0.9675492644309998,0.04159577563405037,0.985095202922821,1.118968896602446,1706486400.0,119
2024-01-30,0.016122655213606216,0.015791586948902772,1.1423763079224682,1.0227428024465388,0.015916934408706895,0.09090909361839294,0.032288603484630585,7.401373991600168e-05,0.11464760452508926,1.0,0.07093723118305206,1.018173336982727,0.11464760452508926,1.0114624500274658,0.11464760452508926,1.0055657625198364,0.11464760452508926,1.0115361213684082,0.0421764962375164,1.014733076095581,0.0421764962375164,1.047285556793213,0.11464760452508926,1.020776391029358,0.11464760452508926,1.001928448677063,0.11464760452508926,1.0188591480255127,0.0421764962375164,1.0998505353927612,1.144417385161697,1706572800.0,120
2024-01-31,0.01651814679369938,0.003892480805451225,1.146831651707597,1.009747651490298,0.003900066689260351,0.09090909361839294,0.03209006041288376,3.525505013701807e-05,0.11438184231519699,1.0,0.07309088855981827,0.9945918321609497,0.11438184231519699,0.9915081858634949,0.11438184231519699,0.9822043180465698,0.11438184231519699,0.9986416697502136,0.04207872599363327,1.0145190954208374,0.04207872599363327,1.0103751420974731,0.11438184231519699,1.0195688009262085,0.11438184231519699,0.9988458752632141,0.11438184231519699,1.0061838626861572,0.04207872599363327,1.0907853841781616,1.1555727669916915,1706659200.0,121
2024-02-01,0.015179061954206164,-0.009742344700469446,1.1357130699387212,0.9858886382796548,-0.009695042644071172,0.09090908616781235,0.03167214244604111,3.920646337244451e-05,0.11374928802251816,1.0,0.07821688055992126,1.0054376125335693,0.11374928802251816,0.9928603172302246,0.11374928802251816,0.9779177308082581,0.11374928802251816,0.9869489669799805,0.04184602200984955,0.9785330295562744,0.04184602200984955,0.986711859703064,0.11374928802251816,0.979271411895752,0.11374928802251816,1.001927137374878,0.11374928802251816,1.0183963775634766,0.04184602200984955,0.9167705774307251,1.1392660616824917,1706745600.0,122
2024-02-02,0.014710069629041454,-0.003297114324744035,1.1319746601462306,0.9947052706371654,-0.0032916851020234894,0.09090907871723175,0.032930657267570496,6.0001447388330074e-05,0.11541000008583069,1.0,0.06475907564163208,0.9821510910987854,0.11541000008583069,1.004305362701416,0.11541000008583069,0.9981235265731812,0.11541000008583069,1.013223648071289,0.042456962168216705,1.0146253108978271,0.042456962168216705,0.980418860912323,0.11541000008583069,1.0027426481246948,0.11541000008583069,0.994612991809845,0.11541000008583069,0.9859390258789062,0.042456962168216705,0.9656155109405518,1.1332339562136204,1706832000.0,123
2024-02-05,0.013574385302927263,-0.008525004533788176,1.1223655870750395,0.9912032972682606,-0.008488770472962481,0.09090908616781235,0.03104429878294468,0.00012145120033712523,0.11238497495651245,1.0,0.08927274495363235,0.9653076529502869,0.11238497495651245,0.9885374903678894,0.11238497495651245,1.0165818929672241,0.11238497495651245,0.9910265207290649,0.04134411737322807,0.9981981515884399,0.04134411737322807,0.9831427335739136,0.11238497495651245,0.9956973791122437,0.11238497495651245,0.9965215921401978,0.11238497495651245,0.9653764963150024,0.04134411737322807,1.002846360206604,1.1232652339752962,1707091200.0,124
2024-02-06,0.014509299675554825,0.008879181784948125,1.1323756508618645,1.0089506832036106,0.00891871944587308,0.09090909361839294,0.03185015544295311,6.503393558072182e-05,0.11403332650661469,1.0,0.0759151354432106,1.0148357152938843,0.11403332650661469,1.014501929283142,0.11403332650661469,1.007065773010254,0.11403332650661469,1.000822901725769,0.04195051267743111,1.0054152011871338,0.04195051267743111,1.0311113595962524,0.11403332650661469,1.0121725797653198,0.11403332650661469,1.0,0.11403332650661469,1.0253190994262695,0.04195051267743111,0.9872129559516907,1.1333192252382387,1707177600.0,125
2024-02-07,0.014313215826067387,-0.0011591383922537474,1.1310638310917933,0.9998998750339855,-0.0011584669531464753,0.09090908616781235,0.03187146410346031,1.8120182854128793e-05,0.11406571418046951,1.0,0.07565261423587799,0.9859421253204346,0.11406571418046951,0.998559832572937,0.11406571418046951,1.0043936967849731,0.11406571418046951,1.0139806270599365,0.041962429881095886,1.0143626928329468,0.041962429881095886,1.0049301385879517,0.11406571418046951,0.9767252206802368,0.11406571418046951,0.9965053796768188,0.11406571418046951,1.002061367034912,0.041962429881095886,1.0014375448226929,1.1332057516893281,1707264000.0,126
2024-02-08,0.01424241679117894,-0.00011577052978105816,1.1309328948007027,1.0021680268374356,-0.0001157638388668003,0.09090908616781235,0.031883131712675095,4.137974333838588e-05,0.11408332735300064,1.0,0.0755099207162857,1.0068446397781372,0.11408332735300064,0.979977011680603,0.11408332735300064,1.0238949060440063,0.11408332735300064,1.0137879848480225,0.04196890816092491,1.0123893022537231,0.04196890816092491,1.031246542930603,0.11408332735300064,0.9571104645729065,0.11408332735300064,0.995717465877533,0.11408332735300064,1.014378547668457,0.04196890816092491,0.9885014295578003,1.135662572171327,1707350400.0,127
2024-02-19,0.014709434956881592,0.00462768734240221,1.1361786275497108,1.0092683922160754,0.004638412034104311,0.09090909361839294,0.03177734836935997,4.518018712549187e-05,0.1139201894402504,1.0,0.07683198153972626,1.0045263767242432,0.1139201894402504,1.0233598947525024,0.1139201894402504,1.0297775268554688,0.1139201894402504,1.0034679174423218,0.04190889373421669,0.9895104765892029,0.04190889373421669,1.0998244285583496,0.1139201894402504,0.9813292622566223,0.1139201894402504,0.9964781403541565,0.1139201894402504,0.9736782908439636,0.04190889373421669,1.0,1.146188338315328,1708300800.0,128
2024-02-20,0.013509590482941244,-0.009277719158475925,1.1256862284297713,0.9953855221921747,-0.009234814725011531,0.09090909361839294,0.03184586390852928,3.756257419451107e-05,0.1140267625451088,1.0,0.07596832513809204,0.9802713394165039,0.1140267625451088,0.9272512793540955,0.1140267625451088,0.9876161813735962,0.1140267625451088,1.0002647638320923,0.041948102414608,1.0017668008804321,0.041948102414608,1.050784707069397,0.1140267625451088,0.995346188545227,0.1140267625451088,1.0121667385101318,0.1140267625451088,0.9937727451324463,0.041948102414608,1.0,1.1408992776645837,1708387200.0,129
